month,wisman,tpk_bintang,inflasi_processed,usd_idr_avg,avg_sentiment_monthly,bali_share_pct,wisman_zscore,crisis_score_100,crisis_level,rf_predicted_level,rf_confidence,prob_aman,prob_waspada,prob_siaga,prob_krisis,iso_anomaly,iso_score
2010-01,179273,49.938,3.72,9275.357142857143,0.3965566158294678,36.79,-0.7286539176670189,49.568272904837094,WASPADA,WASPADA,0.6297821220390231,0.011418529995452599,0.6297821220390231,0.3439956572170617,0.01480369074846258,0,-0.4262899739823432
2010-02,191926,53.016,3.81,9336.725,0.3105777373502177,36.79,-0.4911437957398073,39.39362752929524,WASPADA,WASPADA,0.849555271418345,0.03867546442202444,0.849555271418345,0.10851066924184238,0.0032585949177877426,0,-0.40602332808554104
2010-03,192579,55.53800000000001,3.43,9166.804347826086,0.3105777373502177,36.79,-0.6225898849907916,41.08938664457517,WASPADA,WASPADA,0.9578811477018628,0.011323014431245533,0.9578811477018628,0.027865730340009845,0.0029301075268817205,0,-0.4009474994219765
2010-04,184907,56.62400000000001,3.91,9027.818181818182,0.3105777373502177,36.79,-0.9791888202010125,47.1467570400749,WASPADA,WASPADA,0.8804752111430173,0.002523148148148148,0.8804752111430173,0.11700164070883462,0.0,0,-0.4064722935477651
2010-05,203388,59.136,4.16,9167.333333333334,0.3105777373502177,36.79,-0.1127207154215745,36.72315042439463,WASPADA,WASPADA,0.9827690145098933,0.0,0.9827690145098933,0.017230985490106807,0.0,0,-0.38521967451617267
2010-06,228045,58.828,5.05,9137.431818181818,0.4073807299137115,36.79,0.9813969442656519,32.00124382100042,WASPADA,WASPADA,1.0,0.0,1.0,0.0,0.0,0,-0.3865490182944689
2010-07,254907,68.034,6.22,9040.818181818182,0.3105777373502177,36.79,1.931166574248771,31.903350636525197,WASPADA,WASPADA,0.9866058508933527,0.011568353461755996,0.9866058508933527,0.0018257956448911221,0.0,0,-0.4802047408368038
2010-08,243154,61.176,6.44,8971.977272727272,0.3105777373502177,36.79,1.3278426161853523,39.02919541652042,WASPADA,WASPADA,0.9450078328080304,0.0029301075268817205,0.9450078328080304,0.052062059665087874,0.0,0,-0.45416883422218896
2010-09,240947,63.648,5.8,8979.704545454546,0.3105777373502177,36.79,1.0964331266615142,37.55097364176589,WASPADA,WASPADA,0.9960243029744382,0.0,0.9960243029744382,0.0039756970255617335,0.0,0,-0.3983936733424048
2010-10,229904,57.33,5.67,8927.857142857143,0.3105777373502177,36.79,0.6366836023961583,38.31968049835703,WASPADA,WASPADA,0.9643008610996159,0.0,0.9643008610996159,0.035699138900383925,0.0,0,-0.41218695770979913
2010-11,199861,60.178,6.33,8941.90909090909,0.3105777373502177,36.79,-0.5684915339444989,46.43857453719511,WASPADA,WASPADA,0.8612819735639391,0.0,0.8612819735639391,0.13871802643606085,0.0,0,-0.4154250768205116
2010-12,227251,61.236,6.96,9022.58695652174,0.3105777373502177,36.79,0.4920767854153339,33.00052369892843,WASPADA,WASPADA,0.9809914789051929,0.011748394111047283,0.9809914789051929,0.007260126983759901,0.0,0,-0.4501394535823064
2011-01,209093,59.072,7.02,9034.92857142857,0.8711102277040479,36.95,-0.3489388204778701,42.03979233288541,WASPADA,WASPADA,0.9195892337072832,0.017278151712940178,0.9195892337072832,0.0631326145797767,0.0,0,-0.44141085789585593
2011-02,207195,63.48,6.84,8916.7,0.4975275993347168,36.95,-0.5107918283297154,39.47476851732386,WASPADA,WASPADA,0.9703947088935032,0.0,0.9703947088935032,0.02960529110649673,0.0,0,-0.4206661520941996
2011-03,207907,64.038,6.65,8759.347826086956,0.3105777373502177,36.95,-0.568147289996011,41.40212902544405,WASPADA,WASPADA,0.9493119699931581,0.008269793142730126,0.9493119699931581,0.042418236864111725,0.0,0,-0.4192707341468066
2011-04,224704,65.416,6.16,8648.02380952381,0.3105777373502177,36.95,0.09479789430203957,34.58081908943724,WASPADA,WASPADA,0.9978500986193293,0.0,0.9978500986193293,0.0021499013806706114,0.0,0,-0.4209136583138366
2011-05,209058,62.596,5.98,8558.045454545454,0.8711102277040479,36.95,-0.8418550776948955,44.984355969334885,WASPADA,WASPADA,0.8538885294590189,0.017239683494728236,0.8538885294590189,0.12887178704625296,0.0,0,-0.45325926229276614
2011-06,245652,71.21690000000001,5.54,8563.727272727272,0.3105777373502177,36.95,1.1304184776509745,30.566282424730524,WASPADA,WASPADA,0.9753631062828014,0.020987022916164774,0.9753631062828014,0.0036498708010335914,0.0,0,-0.4473219046379225
2011-07,283524,69.538,4.61,8551.41976190476,0.3105777373502177,36.95,2.37621877929605,30.189640297853675,WASPADA,WASPADA,0.9364772920431849,0.044900037668820246,0.9364772920431849,0.018622670287994813,0.0,0,-0.47451824538871507
2011-08,258377,63.662,4.79,8551.41976190476,0.5347232222557068,36.95,1.193215968178324,39.2059337258008,WASPADA,WASPADA,0.9645537575246947,0.009036550103912532,0.9645537575246947,0.026409692371392773,0.0,0,-0.45578278753393464
2011-09,258440,60.60600000000001,4.61,8724.75,0.2052076905965805,36.95,1.0823673681744235,40.64237181589909,WASPADA,WASPADA,0.9765791475637352,0.002951929587000677,0.9765791475637352,0.020468922849264243,0.0,0,-0.42120131478220313
2011-10,247565,67.46,4.42,8864.47619047619,0.3105777373502177,36.95,0.6001296331959168,43.33626337466854,WASPADA,WASPADA,0.9690554896496335,0.009040691631768585,0.9690554896496335,0.021903818718597732,0.0,0,-0.4327055112038957
2011-11,221603,58.25599999999999,4.15,8998.181818181818,-0.5229447484016418,36.95,-0.4700480142652736,51.769858956651404,SIAGA,SIAGA,0.5093762067247947,0.0,0.49062379327520544,0.5093762067247947,0.0,1,-0.5086482418834185
2011-12,253591,62.044,3.79,9053.068181818182,0.3105777373502177,36.95,0.70478487773296,33.3630012080309,WASPADA,WASPADA,0.9810323516623501,0.008444204125214164,0.9810323516623501,0.010523444212435718,0.0,0,-0.4355346374614719
2012-01,253286,59.65400000000001,3.65,9054.545454545454,0.3105777373502177,36.66,0.5711246623025147,37.08038706487095,WASPADA,WASPADA,0.9844495283303,0.0,0.9844495283303,0.0155504716697,0.0,0,-0.40134552730552925
2012-02,225993,56.338,3.56,8997.619047619048,0.3105777373502177,36.66,-0.6468387042648114,45.74046730814161,WASPADA,WASPADA,0.8684823701073427,0.0,0.8684823701073427,0.12870109242495711,0.002816537467700258,0,-0.39911051119451596
2012-03,230957,57.65599999999999,3.97,9141.65909090909,0.3105777373502177,36.66,-0.567050698422884,43.23649548726396,WASPADA,WASPADA,0.9326571252627521,0.0,0.9326571252627521,0.06452633726954761,0.002816537467700258,0,-0.39024806936961315
2012-04,225488,59.128,4.5,9162.90476190476,0.5890141576528549,36.66,-0.8360787699034962,44.72027928694317,WASPADA,WASPADA,0.9344406019143527,0.0,0.9344406019143527,0.06274286061794726,0.002816537467700258,0,-0.38841881537223255
2012-05,220700,57.928,4.45,9252.673913043478,0.3105777373502177,36.66,-1.201745532344945,48.68900932597736,WASPADA,WASPADA,0.8779235647511092,0.0,0.8779235647511092,0.11925989778119056,0.002816537467700258,0,-0.40479992786560304
2012-06,244080,64.466,4.53,9405.833333333334,-0.5383760184049606,36.66,0.02326597971741605,39.72553167981015,WASPADA,WASPADA,0.9274947670922711,0.003105413105413105,0.9274947670922711,0.06939981980231567,0.0,0,-0.4859488924034818
2012-07,271512,58.448,4.56,9432.272727272728,0.3105777373502177,36.66,1.6873578281374373,34.40819591723809,WASPADA,WASPADA,0.9457270220967134,0.005983328815397126,0.9457270220967134,0.048289649087889366,0.0,0,-0.4356902079426408
2012-08,254079,56.272000000000006,4.58,9492.217391304348,0.3105777373502177,36.66,0.7027443216668251,40.83690654683272,WASPADA,WASPADA,0.9689420869557381,0.0032831325301204816,0.9689420869557381,0.027774780514141485,0.0,0,-0.42971846176062256
2012-09,257363,62.208000000000006,4.31,9553.55,0.3105777373502177,36.66,0.908544291542619,37.79372379064641,WASPADA,WASPADA,0.9935865444059679,0.006413455594032225,0.9935865444059679,0.0,0.0,0,-0.39966820839219414
2012-10,255021,65.378,4.61,9593.304347826086,0.3105777373502177,36.66,0.7160255426849228,38.1978578796729,WASPADA,WASPADA,1.0,0.0,1.0,0.0,0.0,0,-0.3963562195955483
2012-11,242781,60.172,4.32,9617.363636363636,-0.5383760184049606,36.66,-0.11394666355303867,43.21643423131447,WASPADA,WASPADA,0.9121026739461892,0.0031871345029239762,0.9121026739461892,0.08471019155088665,0.0,0,-0.47892915608621883
2012-12,268072,62.288,4.3,9635.52380952381,0.3105777373502177,36.66,1.313758693323249,32.86595472801424,WASPADA,WASPADA,0.9848380651500384,0.005505623133780411,0.9848380651500384,0.009656311716181358,0.0,0,-0.4331069086390488
2013-01,232935,54.758,4.57,9651.934782608696,0.3105777373502177,37.25,-0.6493098875382333,47.396847933725056,WASPADA,WASPADA,0.7295468216944365,0.0,0.7295468216944365,0.2674084855681332,0.0030446927374301676,0,-0.42277912042330923
2013-02,241868,54.848,5.31,9680.375,0.3105777373502177,37.25,-0.21787362757306164,37.74993936829436,WASPADA,WASPADA,0.969315962669649,0.003044692737430167,0.969315962669649,0.02763934459292072,0.0,0,-0.3914159771326574
2013-03,252210,58.432,5.9,9708.547619047618,0.3105777373502177,37.25,0.32142223390671065,35.69936117554656,WASPADA,WASPADA,0.9980253623188406,0.0,0.9980253623188406,0.00197463768115942,0.0,0,-0.39460984651215675
2013-04,242369,56.584,5.57,9722.613636363636,0.0,37.25,-0.4366476843244766,41.62224593840169,WASPADA,WASPADA,0.9328176281055579,0.0,0.9328176281055579,0.06718237189444203,0.0,0,-0.4121811917637026
2013-05,247972,60.202,5.47,9756.5,0.7853827476501465,37.25,-0.2566323668966051,36.99689554320834,WASPADA,WASPADA,0.9647799824615185,0.0172539781601376,0.9647799824615185,0.01796603937834375,0.0,0,-0.40901073332557225
2013-06,275667,61.026,5.9,9871.125,0.8660472631454468,37.25,1.6988437692095468,33.55648704753412,WASPADA,WASPADA,0.9617442649128295,0.01720669129807641,0.9617442649128295,0.021049043789094155,0.0,0,-0.43054216737729617
2013-07,297878,61.4,8.448299999999998,10071.217391304348,0.3466094732284546,37.25,2.3781293429512647,37.970159218007986,WASPADA,WASPADA,0.946709312059981,0.04622912059733753,0.946709312059981,0.00706156734268146,0.0,0,-0.47962127284406786
2013-08,309219,61.794,8.448299999999998,10532.5,0.3105777373502177,37.25,2.0828870857290553,45.251194609182235,WASPADA,WASPADA,0.9518870679819027,0.0032,0.9518870679819027,0.023096833188793638,0.02181609882930341,1,-0.5170504957936688
2013-09,305629,61.82000000000001,8.4,11327.261904761905,0.3105777373502177,37.25,1.539535593681778,48.008167737108295,WASPADA,WASPADA,0.9139367043237564,0.0,0.9139367043237564,0.02982352269016501,0.056239772986078324,1,-0.5183775848498428
2013-10,266562,59.34599999999999,8.32,11344.760869565218,0.2240873128175735,37.25,0.04865569220618425,48.889572217009984,WASPADA,WASPADA,0.8450915495801372,0.0,0.8450915495801372,0.1179049168955139,0.037003533524348875,0,-0.46021949915148097
2013-11,307276,59.228,8.37,11610.833333333334,0.2789121717214584,37.25,1.2992334287682732,37.125427752127635,WASPADA,WASPADA,0.9496711245980117,0.02685867211301106,0.9496711245980117,0.023470203288977424,0.0,0,-0.4433437623681226
2013-12,299013,60.854,8.38,12086.25,0.6383098512887955,37.25,0.8793657062090043,47.4952979316274,WASPADA,WASPADA,0.9006245730125291,0.006152576115203967,0.9006245730125291,0.04910667898578914,0.04411617188647789,1,-0.5186167638573336
2014-01,279257,55.478,8.22,12157.782608695652,-0.0551585555076599,39.92,0.08240207183189793,47.42077657934095,WASPADA,WASPADA,0.878038196767357,0.0,0.878038196767357,0.12196180323264284,0.0,0,-0.4830764375827473
2014-02,275795,56.078,7.75,11917.7,0.2556949555873871,39.92,-0.17078300821065742,38.187004941700096,WASPADA,WASPADA,0.9684254112140813,0.011323014431245533,0.9684254112140813,0.020251574354673306,0.0,0,-0.4306637136092944
2014-03,276573,54.996,7.32,11416.40476190476,0.6520368158817291,39.92,-0.23841820885931858,42.63523060014462,WASPADA,WASPADA,0.8810253826673267,0.01342212289183407,0.8810253826673267,0.07547560840579667,0.03007688603504244,0,-0.47113965629321847
2014-04,280096,60.17,7.25,11431.09090909091,0.5362119674682617,39.92,-0.2652247077659698,43.00285061440663,WASPADA,WASPADA,0.9668323338901946,0.003053221288515406,0.9668323338901946,0.027775389027298373,0.002339055793991416,0,-0.4210851827744558
2014-05,286033,58.596,7.32,11535.795454545454,0.3105477293332417,39.92,-0.15056052456158053,39.379034238471924,WASPADA,WASPADA,0.9906925985084839,0.0,0.9906925985084839,0.009307401491515982,0.0,0,-0.3974965564225769
2014-06,330396,61.10999999999999,6.7,11892.166666666666,0.2216494480768839,39.92,2.0347998879131675,37.92320461778881,WASPADA,WASPADA,0.9436403747404127,0.0031187410586552213,0.9436403747404127,0.037684736804923305,0.015556147396008422,0,-0.4447969275132335
2014-07,361066,59.408,4.53,11660.282608695652,0.0,39.92,2.3279545205037167,33.94512037792665,WASPADA,WASPADA,0.8938783101373201,0.06606597547950498,0.8938783101373201,0.04005571438317492,0.0,0,-0.47342025412680966
2014-08,336763,60.676,3.99,11709.92857142857,0.1930920004844665,39.92,1.2473645086809861,42.568766870469126,WASPADA,WASPADA,0.9823668874530046,0.0,0.9823668874530046,0.01763311254699541,0.0,0,-0.4299961977855657
2014-09,354762,61.138,4.53,11897.727272727272,0.6513188630342484,39.92,1.5169664006614452,37.53971874275116,WASPADA,WASPADA,0.9831808144361825,0.012100570845202822,0.9831808144361825,0.004718614718614719,0.0,0,-0.40181250710269295
2014-10,341651,59.98,4.83,12141.630434782608,0.5418799035251141,39.92,0.9536860687099099,44.00635237112762,WASPADA,WASPADA,0.9418770968304288,0.03683749212503306,0.9418770968304288,0.02128541104453818,0.0,0,-0.3935017788558463
2014-11,296876,59.248000000000005,6.23,12166.825,0.4851920157670975,39.92,-0.39735223533278213,46.956607003535225,WASPADA,WASPADA,0.8268354165080816,0.00293010752688172,0.8268354165080816,0.1702344759650366,0.0,0,-0.4008287395847495
2014-12,347370,47.494,8.36,12431.217391304348,0.3105777373502177,39.92,0.9802688958784458,36.6800562827693,WASPADA,WASPADA,0.7492382516727842,0.06832944812883547,0.7492382516727842,0.17590233839499725,0.006529961803382745,1,-0.5222305892000442
2015-01,301748,49.59,6.96,12572.181818181818,0.827439934015274,38.46,-0.42892846312218014,50.06717137067853,SIAGA,SIAGA,0.6015127915376036,0.02713639421108691,0.35294517783797,0.6015127915376036,0.018405636413339886,0,-0.4473731786973804
2015-02,338991,53.022000000000006,6.29,12760.675,0.4469779133796692,38.46,0.5856461154367121,36.42725588546307,WASPADA,WASPADA,0.9166541029585186,0.021988038466518766,0.9166541029585186,0.06135785857496286,0.0,0,-0.39694628384623964
2015-03,305272,49.464,6.38,13066.90909090909,0.3105777373502177,38.46,-0.6507782658659019,54.09613130672388,SIAGA,SIAGA,0.7491385318762954,0.009371962347170627,0.23389109317182416,0.7491385318762954,0.0075984126047100795,0,-0.41566763644735616
2015-04,313763,50.876,6.79,12946.15909090909,0.5191431283950806,38.46,-0.50586383986187,41.19907154125685,WASPADA,WASPADA,0.7784910149435119,0.00631827171763274,0.7784910149435119,0.2097418622951521,0.005448851043703047,0,-0.3872784850909094
2015-05,295973,49.578,7.15,13132.02380952381,0.2559878230094909,38.46,-1.3344758309700844,53.46967412107732,SIAGA,SIAGA,0.6486192241886778,0.00508539252640886,0.29557808208791164,0.6486192241886778,0.050717301197002095,0,-0.41910891119639854
2015-06,359702,51.714,7.26,13306.65909090909,0.4532014528910319,38.46,1.2017732401147254,33.0723679692029,WASPADA,WASPADA,0.6888517072320723,0.22493979357986746,0.6888517072320723,0.08620849918806035,0.0,0,-0.3880925264875977
2015-07,382683,62.41400000000001,7.26,13375.217391304348,0.5551059792439142,38.46,1.8227045100090289,36.5226975764398,WASPADA,WASPADA,0.9254213003709608,0.05109474732038848,0.9254213003709608,0.023483952308650646,0.0,0,-0.45449460018073023
2015-08,303621,61.826,7.18,13788.90476190476,0.7079062610864639,38.46,-0.8528089048040464,58.446355473092126,SIAGA,SIAGA,0.6299743346698129,0.005830183844724873,0.3023140054610234,0.6299743346698129,0.06188147602443872,0,-0.48918266290861384
2015-09,389060,57.14200000000001,6.83,14409.90909090909,0.2378039558728536,38.46,1.7270053520707263,37.10488116968202,WASPADA,WASPADA,0.6849813868361504,0.1867263453343192,0.6849813868361504,0.06858709861148514,0.05970516921804516,0,-0.4912369104451676
2015-10,369447,61.04200000000001,6.25,13774.90909090909,0.3215114275614421,38.46,1.0185040859562056,42.460304142606894,WASPADA,WASPADA,0.924202409638102,0.023939217456086233,0.924202409638102,0.04265081062759065,0.009207562278220829,0,-0.44964169274463284
2015-11,270935,55.508,4.89,13676.09523809524,0.1205003634095192,38.46,-1.5857308604349396,66.50634394016718,SIAGA,SIAGA,0.6726513783932561,0.0,0.23368338382863413,0.6726513783932561,0.09366523777811014,0,-0.4846820346869132
2015-12,370640,52.284000000000006,3.35,13834.478260869566,0.7109363334519523,38.46,0.9367514444259777,24.443200392543982,AMAN,AMAN,0.6196857090841588,0.6196857090841588,0.3025040829729143,0.07531020794292688,0.0025,0,-0.45115613551162875
2016-01,350592,49.968,4.14,13886.309523809525,0.5901475846767426,42.78,0.33769450277375523,41.465527503234895,WASPADA,WASPADA,0.7939908758552083,0.05410518876915847,0.7939908758552083,0.14659919533639773,0.005304740039235456,0,-0.3832221896097045
2016-02,375744,57.232000000000006,4.42,13509.52380952381,0.2858320862054825,42.78,0.8747867821034447,35.214637155390704,WASPADA,WASPADA,0.9572937586500149,0.03174809873654341,0.9572937586500149,0.007945011998376147,0.003013130615065653,0,-0.42825420615886056
2016-03,364113,50.534,4.45,13197.217391304348,0.7727028727531433,42.78,0.47642767032724337,42.003293332696664,WASPADA,WASPADA,0.797849815856993,0.04886272880121382,0.797849815856993,0.13735070281758585,0.01593675252420722,0,-0.4617570229138857
2016-04,380767,49.546,3.6,13171.714285714286,0.6066202138151441,42.78,0.7633483103523359,38.70315166194631,WASPADA,WASPADA,0.8620002395705827,0.026245980370902866,0.8620002395705827,0.10654516076691664,0.005208619291597611,0,-0.3769034325652242
2016-05,394557,52.082,3.33,13416.727272727272,0.2879981572429339,42.78,0.9656393783205282,40.60639272480731,WASPADA,WASPADA,0.8333927445520631,0.10094201847217761,0.8333927445520631,0.06566523697575934,0.0,0,-0.38975781068135656
2016-06,405835,49.234,3.45,13337.977272727272,0.5393096844355265,42.78,1.0973262777794173,37.47379920435287,WASPADA,WASPADA,0.8003624524378927,0.08403772186650053,0.8003624524378927,0.11559982569560652,0.0,0,-0.3735769664395096
2016-07,484231,63.612,3.21,13114.333333333334,0.4437444171597881,42.78,2.154437057629304,29.68192639904046,AMAN,AMAN,0.5623529562848505,0.5623529562848505,0.42291408382778345,0.01473295988736607,0.0,0,-0.47596040130003964
2016-08,438135,67.05799999999999,2.79,13160.326086956522,0.2869290035021932,42.78,1.0894526935829962,42.991790716779406,WASPADA,WASPADA,0.81698560681895,0.032979894861182975,0.81698560681895,0.1469898055824365,0.0030446927374301676,0,-0.44081535566269847
2016-09,445716,61.086,3.07,13109.84090909091,0.2464930325746536,42.78,1.078488018577012,35.59788881967994,WASPADA,WASPADA,0.9396548144305488,0.023544165833110156,0.9396548144305488,0.03387091220945916,0.00293010752688172,0,-0.41342308467940236
2016-10,432215,57.82600000000001,3.31,13018.214285714286,0.3827415144443511,42.78,0.7162927456363319,38.1144100427569,WASPADA,WASPADA,0.9724111427937707,0.00876350393958753,0.9724111427937707,0.018825353266641844,0.0,0,-0.3946094064556532
2016-11,413232,56.29200000000001,3.58,13314.363636363636,0.4115845348153795,42.78,0.2170429375688506,43.81353615629901,WASPADA,WASPADA,0.9166163270261172,0.028334750136279285,0.9166163270261172,0.055048922837603494,0.0,0,-0.39309712135024194
2016-12,442800,56.59,3.02,13409.113636363636,0.2827504798769951,42.78,0.8158234242303208,39.051573695808784,WASPADA,WASPADA,0.9631561183273897,0.020055721003497423,0.9631561183273897,0.016788160669112883,0.0,0,-0.4363295414318264
2017-01,460824,58.038,3.49,13365.863636363636,0.4470918501416842,40.58,1.110905080740262,35.15550618838233,WASPADA,WASPADA,0.9084792988211488,0.06054235334708648,0.9084792988211488,0.030978347831764702,0.0,0,-0.3777295135628355
2017-02,453985,59.38000000000001,3.83,13337.875,0.6090223740886997,40.58,0.7832433062238444,36.58372388521761,WASPADA,WASPADA,0.9882277448034271,0.00293010752688172,0.9882277448034271,0.008842147669691092,0.0,0,-0.3743938306671356
2017-03,425499,54.492,3.61,13343.04347826087,0.4981160588336713,40.58,-0.20375791447277974,40.62431110118908,WASPADA,WASPADA,0.887505964736449,0.01791260083803429,0.887505964736449,0.091932588739004,0.0026488456865127576,0,-0.3725419919688745
2017-04,477464,56.03,4.17,13301.4,0.4746705359882778,40.58,1.3847205928906672,31.450875152511028,WASPADA,WASPADA,0.9703176512764841,0.02476645372953265,0.9703176512764841,0.004915894993983277,0.0,0,-0.3671366896885232
2017-05,489376,59.92,4.33,13322.173913043478,0.5620910493617363,40.58,1.5587267260057365,35.25632654559867,WASPADA,WASPADA,0.9911260625874899,0.0033116319444444447,0.9911260625874899,0.005562305468065373,0.0,0,-0.3753880130111007
2017-06,504141,61.408,4.37,13306.727272727272,0.4748622428198329,40.58,1.7308349506900467,34.69035938909095,WASPADA,WASPADA,0.987222237200112,0.00246885617214043,0.987222237200112,0.010308906627747475,0.0,0,-0.37602216993479176
2017-07,592046,70.79400000000001,3.88,13346.40476190476,0.3253934627605809,40.58,2.6486228559257703,30.145426659769782,WASPADA,WASPADA,0.8516509006192441,0.13496590733445585,0.8516509006192441,0.013383192046299985,0.0,0,-0.46881608827951055
2017-08,601884,71.21000000000001,3.82,13343.021739130434,0.509775429074444,40.58,2.0158427008811453,35.53546610817288,WASPADA,WASPADA,0.9365434328135882,0.04633486202689108,0.9365434328135882,0.01712170515952082,0.0,0,-0.4263931211355777
2017-09,550520,65.846,3.72,13307.547619047618,0.5387596505028861,40.58,0.9974396351667572,39.30291601286432,WASPADA,WASPADA,0.9666315378955731,0.006240355791439382,0.9666315378955731,0.024479260626474913,0.0026488456865127576,0,-0.394259879957813
2017-10,465085,67.114,3.58,13527.795454545454,0.4957717070073792,40.58,-0.39896452053072523,49.19998599283249,WASPADA,WASPADA,0.8109956251082248,0.003258594917787743,0.8109956251082248,0.18309693428747478,0.0026488456865127585,0,-0.39628693538922877
2017-11,361006,54.672,3.3,13527.545454545454,0.5008219519958776,40.58,-1.8005128023680783,61.22856527076584,SIAGA,SIAGA,0.7670898924559091,0.006085189085390404,0.13206719578298082,0.7670898924559091,0.09475772267571986,0,-0.45896860793486904
2017-12,315909,53.052,3.61,13559.0,0.5300652220541117,40.58,-1.8863107644557504,55.961307097077004,SIAGA,SIAGA,0.7000309713614459,0.0087180484814186,0.1530623331108422,0.7000309713614459,0.1381886470462931,0,-0.4822421740425386
2018-01,358065,49.338,3.25,13387.41304347826,0.534392296929251,38.41,-1.1919522293721398,40.92866647170446,WASPADA,WASPADA,0.4858480483751392,0.009026875725467705,0.4858480483751392,0.4577831210428948,0.04734195485649815,0,-0.4035622386389896
2018-02,452423,61.604,3.18,13601.175,0.5181239078173766,38.41,-0.15085811194115215,30.655293855524018,WASPADA,WASPADA,0.723515690383085,0.22224830808085524,0.723515690383085,0.05423600153605941,0.0,0,-0.42843504532262144
2018-03,492678,58.846,3.4,13759.772727272728,0.5046781482903854,38.41,0.23260117564553082,37.586912332656816,WASPADA,WASPADA,0.9674022952751316,0.009146361250155853,0.9674022952751316,0.023451343474712397,0.0,0,-0.37086971811048147
2018-04,516777,59.818000000000005,3.41,13808.809523809525,0.5044179694520102,38.41,0.4588891039842106,36.44598578397208,WASPADA,WASPADA,0.9817928119784313,0.00949746196618548,0.9817928119784313,0.00870972605538329,0.0,0,-0.35648262127850167
2018-05,528512,64.744,3.23,14036.934782608696,0.5508369421495974,38.41,0.5444498556618426,39.64400938327972,WASPADA,WASPADA,0.9748960999206318,0.012883722627076682,0.9748960999206318,0.012220177452291594,0.0,0,-0.3759005420440387
2018-06,544550,65.28,3.12,14007.261904761905,0.5406555021104734,38.41,0.669023136509637,36.84287443349371,WASPADA,WASPADA,0.9735258846247689,0.00636485323295985,0.9735258846247689,0.017179154615389502,0.00293010752688172,0,-0.3684785726127457
2018-07,624366,71.21690000000001,3.18,14408.613636363636,0.5213536155911592,38.41,1.4306349460510657,37.87236307788484,WASPADA,WASPADA,0.912083948478565,0.04692548532201314,0.912083948478565,0.03207507347275269,0.008915492726668986,0,-0.44756554825235906
2018-08,573766,68.924,3.2,14563.978260869566,0.4308086290503993,38.41,0.9650204032150134,46.5108442899095,WASPADA,WASPADA,0.8483792582557582,0.01809618042093959,0.8483792582557582,0.12793337629239016,0.005591185030911851,0,-0.4251143177968345
2018-09,555903,64.154,2.88,14868.075,0.4988092643425877,38.41,0.7695638175530687,44.25771178344863,WASPADA,WASPADA,0.8394102930297409,0.018562130336216325,0.8394102930297409,0.08998456286101912,0.05204301377302345,0,-0.3947291304993022
2018-10,517889,62.94000000000001,3.16,15175.565217391304,0.4958914823892738,38.41,0.3242021684667475,47.27849582342964,WASPADA,WASPADA,0.8931509946989366,0.009498464497866612,0.8931509946989366,0.06586128466601066,0.03148925613718607,0,-0.39638817597346704
2018-11,406725,51.592000000000006,3.23,14657.636363636364,0.4324462234973907,38.41,-0.9203170705201555,54.85116860355229,SIAGA,SIAGA,0.7391236190530506,0.029302281247765058,0.20159452296910646,0.7391236190530506,0.029979576730078037,0,-0.4604119324885857
2018-12,498819,55.092000000000006,3.13,14498.92857142857,0.4126226736767457,38.41,-0.09698802102012952,34.63877175215959,WASPADA,WASPADA,0.6477889003205525,0.18977951751223765,0.6477889003205525,0.15696614555184762,0.00546543661536233,0,-0.46717984444207694
2019-01,455570,53.9,2.82,14165.173913043478,0.3952964465302157,38.96,-0.9931255417598465,50.32030507196321,SIAGA,SIAGA,0.7094959283128967,0.026119186843652626,0.25344948983104565,0.7094959283128967,0.01093539501240544,0,-0.40519773114767665
2019-02,437456,52.65599999999999,2.57,14029.025,0.5362493567270775,38.96,-1.246716284151076,51.27658318103852,SIAGA,SIAGA,0.6975817256231789,0.002416851441241685,0.20186876431375406,0.6975817256231789,0.09813265862182571,0,-0.39882203745142153
2019-03,449569,52.298,2.48,14204.07142857143,0.580257378288151,38.96,-0.9469747920428256,45.64096320331264,WASPADA,WASPADA,0.49981081444941194,0.010910614291049402,0.45852641165999425,0.49981081444941194,0.030752159599544165,0,-0.3824644290389528
2019-04,477069,55.63,2.83,14137.545454545454,0.5858127838650415,38.96,-0.45302032117449736,38.30207764535755,WASPADA,WASPADA,0.8085639900287551,0.0,0.8085639900287551,0.19143600997124488,0.0,0,-0.36767196154947546
2019-05,486602,49.58200000000001,3.32,14375.869565217392,0.4677377425488971,38.96,-0.24880454731471752,42.474059358850994,WASPADA,WASPADA,0.7062418935741345,0.05881855202149447,0.7062418935741345,0.21489156021696112,0.020047994187409986,0,-0.378970972679604
2019-06,549516,56.75,3.28,14233.725,0.497072568855995,38.96,0.734535937218927,32.45027810556626,WASPADA,WASPADA,0.9497908408391091,0.01231328240098884,0.9497908408391091,0.03789587675990193,0.0,0,-0.38189970739495227
2019-07,604323,56.076,3.32,14031.391304347826,0.5385553889935559,38.96,1.710826708013205,34.33512286735841,WASPADA,WASPADA,0.9030259163777449,0.04288994294043754,0.9030259163777449,0.05408414068181747,0.0,0,-0.4128214164696305
2019-08,606412,60.82400000000001,3.49,14232.0,0.5846705350363366,38.96,1.5905245236406471,39.46816373018337,WASPADA,WASPADA,0.9092394211440368,0.0623592802590305,0.9092394211440368,0.028401298596932485,0.0,0,-0.40862142910173016
2019-09,590398,60.260000000000005,3.39,14100.357142857143,0.3104980663632898,38.96,1.2359754118677073,38.31253602984573,WASPADA,WASPADA,0.9428254647546781,0.03376562869727967,0.9428254647546781,0.023408906548042105,0.0,0,-0.37555799508581433
2019-10,567967,59.32400000000001,3.13,14113.152173913044,0.3992662773682521,38.96,0.8159273869276253,39.234330037147146,WASPADA,WASPADA,0.9706604685598359,0.0,0.9706604685598359,0.029339531440163834,0.0,0,-0.3663670279307277
2019-11,497925,56.632000000000005,3.0,14061.02380952381,0.5152749197002042,38.96,-0.33052120806294694,43.509603804194136,WASPADA,WASPADA,0.7758867938831085,0.002951929587000677,0.7758867938831085,0.21811658379246074,0.0030446927374301676,0,-0.38367985528835746
2019-12,552403,59.074,2.72,14002.477272727272,0.4597003231714437,38.96,0.47120388346673175,32.445571982631996,WASPADA,WASPADA,0.8550286912302858,0.024984661263976547,0.8550286912302858,0.11998664750573748,0.0,0,-0.41583212659923996
2020-01,536611,58.962,2.68,13721.478260869566,0.3740408610640548,26.39,0.1176014875527935,38.973087258075736,WASPADA,WASPADA,0.7476385483496831,0.02394046386979714,0.7476385483496831,0.19850961044275717,0.02991137733776238,0,-0.4376457638002662
2020-02,364639,43.276,2.98,13767.125,0.4351792857050895,26.39,-2.2199023501311217,70.4520507594618,KRISIS,KRISIS,0.6358626644005544,0.006991019203534924,0.05036382867976302,0.3067824877161477,0.6358626644005544,1,-0.5056901180441563
2020-03,167461,23.006,2.96,15179.119047619048,0.4606683963621166,26.39,-2.2631746268328983,83.66242655331243,KRISIS,KRISIS,0.8845991593883676,0.0041744817358346665,0.01672733849170762,0.0944990203840903,0.8845991593883676,1,-0.6048208314956243
2020-04,379,3.2680000000000007,2.67,15710.59523809524,0.6797477167386275,26.39,-2.2631746268328983,83.28454164115891,KRISIS,KRISIS,0.9109834066068411,0.0,0.004891673803844559,0.08412491958931484,0.9109834066068411,1,-0.6223453146906576
2020-05,36,3.05226,2.19,14854.6875,0.562371043364207,26.39,-1.8081874397521047,73.11983475477658,KRISIS,KRISIS,0.7788837337670053,0.0,0.005961540238855067,0.21515472599414007,0.7788837337670053,1,-0.5447526415853617
2020-06,45,5.016,1.96,14105.357142857143,0.3807427138090133,26.39,-1.4546377964830508,48.067640293783064,SIAGA,SIAGA,0.6782891916347423,0.018106107412372372,0.04760375430247298,0.6782891916347423,0.2560009466504125,1,-0.565217302248594
2020-07,16,3.05226,1.54,14529.977272727272,0.574317142367363,26.39,-1.2127012136510062,74.40359378104293,KRISIS,KRISIS,0.6497007683080714,0.003013130615065653,0.00814805300454841,0.33913804807231446,0.6497007683080714,1,-0.5556452658233515
2020-08,12,3.13,1.3608,14649.166666666666,0.4198804676532745,26.39,-1.0271975883903328,66.06910605482935,SIAGA,SIAGA,0.8485583812969837,0.007435646703082325,0.019199772267886786,0.8485583812969837,0.12480619973204768,1,-0.5282930927341423
2020-09,8,4.46,1.42,14785.0,0.4338308369571512,26.39,-0.8736946049632203,64.42672128187053,SIAGA,SIAGA,0.8548491742136854,0.0043390557939914165,0.009055113852050312,0.8548491742136854,0.1317566561402729,0,-0.47602761131346416
2020-10,63,8.648,1.44,14686.315789473683,0.6311731367576413,26.39,-0.7391918916717599,14.690616629861067,SIAGA,SIAGA,0.9158716550194723,0.04654489089004028,0.019727539551665212,0.9158716550194723,0.017855914538822303,1,-0.5096736017413479
2020-11,53,8.392,1.59,14184.047619047618,0.4322479688653759,26.39,-0.612590202863773,56.03231400199057,SIAGA,SIAGA,0.9355849913269138,0.0020941402497598465,0.010179535246753494,0.9355849913269138,0.05214133317657279,0,-0.49352783724756094
2020-12,150,15.214,1.68,14094.473684210529,0.6570037701590494,26.39,-0.4962168024449257,17.561373365661428,SIAGA,SIAGA,0.9110944753341466,0.02816398646681475,0.03584803953013019,0.9110944753341466,0.024893498668908505,1,-0.5421370230519759
2021-01,10,11.2325,1.55,14016.604761904762,0.5908706144050315,0.0,-0.39731787766485327,57.39994841580788,SIAGA,SIAGA,0.8292292103580747,0.0020941402497598465,0.02563931266072789,0.8292292103580747,0.14303733673143815,1,-0.5018665080642208
2021-02,12,8.072,1.38,14026.578947368422,0.5711072487075154,0.0,-0.2899010902285334,36.0672628509365,SIAGA,SIAGA,0.8806456836045743,0.020210100111525554,0.05602684717418073,0.8806456836045743,0.04311736910971953,1,-0.49573876177254433
2021-03,3,9.658,1.37,14378.863636363636,0.5203152865171432,0.0,-0.5862800683008287,65.17780368849101,SIAGA,SIAGA,0.8213300551824829,0.006526375773363725,0.01939845196464676,0.8213300551824829,0.1527451170795066,1,-0.5083999426085541
2021-04,9,9.584,1.42,14523.809523809525,0.5778662680337826,0.0,-0.6211133165987502,19.722806188662155,SIAGA,SIAGA,0.8865502948655671,0.048093971238806,0.03575360680902266,0.8865502948655671,0.029602127086603952,1,-0.5026748636787728
2021-05,8,9.88,1.68,14314.411764705885,0.6069020501204899,0.0,-0.5791015083663459,49.91391667395964,SIAGA,SIAGA,0.9607548558387304,0.0,0.02117657191181456,0.9607548558387304,0.018068572249454653,0,-0.48860034499845245
2021-06,1,14.571999999999996,1.3608,14330.380952380952,0.4489868939556974,0.0,-0.6472090146063955,60.80147539059424,SIAGA,SIAGA,0.9110534923187078,0.0,0.003385653116490507,0.9110534923187078,0.08556085456480193,1,-0.4957722005895651
2021-07,0,4.804,1.52,14491.333333333334,0.647853798336453,0.0,-0.6295100001092676,61.82713543990659,SIAGA,SIAGA,0.8307324032188996,0.005107270864825499,0.011424764946024268,0.8307324032188996,0.15273556097025084,1,-0.5771693743082942
2021-10,2,18.072,1.66,14177.55,0.5237385088747198,0.0,-0.4314893335380137,12.574237943205263,SIAGA,SIAGA,0.941543818010238,0.0027490542244640605,0.046309580867751075,0.941543818010238,0.009397546897546898,1,-0.506754442362026
2021-11,6,18.698,1.75,14262.636363636364,0.5681703480390402,0.0,-0.2548498566571975,11.039780837188305,SIAGA,SIAGA,0.9029218580260977,0.052546075247827236,0.03680984450385278,0.9029218580260977,0.0077222222222222215,1,-0.5008419774849512
2021-12,0,23.844,1.87,14319.782608695652,0.5126093991597493,0.0,-0.9454993211840869,61.303327709401735,SIAGA,SIAGA,0.8660933852789237,0.003013130615065653,0.024226167329271398,0.8660933852789237,0.10666731677673953,1,-0.5572538758065609
2022-01,3,20.646,2.18,14335.190476190475,0.5052522028193754,36.61,-0.16183331389299677,9.709108797346362,SIAGA,SIAGA,0.8072248922600138,0.020694611034555208,0.1311224341362069,0.8072248922600138,0.04095806256922456,0,-0.42087256439452425
2022-02,1310,18.364,2.06,14345.777777777776,0.5018786859733088,36.61,3.0968879625476173,8.212196374426748,SIAGA,SIAGA,0.569874997792772,0.342117616480681,0.07373216008974305,0.569874997792772,0.014275225636803904,1,-0.591039284159053
2022-03,14620,23.488,2.64,14344.818181818182,0.5508509200243723,36.61,3.0968879625476173,7.1783306402999445,SIAGA,AMAN,0.4883900078468766,0.424356174755995,0.0798736966554291,0.4883900078468766,0.007380120741699008,0,-0.48582585477854406
2022-04,58335,20.848,3.47,14373.052631578948,0.5482921206182049,36.61,3.077228592840266,7.994571058372654,AMAN,AMAN,0.7684657888613451,0.7684657888613451,0.0632954249389873,0.16385866545796887,0.004380120741699008,0,-0.47244498852689004
2022-05,115611,37.682,3.55,14616.466666666667,0.4811712285237653,36.61,2.7991343125711423,11.006650988257233,AMAN,AMAN,0.835536046505265,0.835536046505265,0.10316068144261144,0.05608981797709184,0.005213454075032342,0,-0.4857593278363083
2022-06,181625,41.348,4.35,14699.142857142857,0.4164594200431791,36.61,2.547700342336942,19.66450030842022,AMAN,AMAN,0.7799295245817764,0.7799295245817764,0.13375234118494805,0.08443801349157698,0.001880120741699008,1,-0.5323585924016659
2022-07,246504,38.938,4.94,14977.0,0.417769219968226,36.61,2.302383219943786,30.199862541241234,WASPADA,AMAN,0.42225299185401755,0.4097228555325041,0.42225299185401755,0.1292417111624409,0.038782441451037146,0,-0.46364227210200715
2022-08,276659,42.934000000000005,4.69,14839.09090909091,0.3633165329159377,36.61,1.9303849094315237,35.03994895751036,WASPADA,WASPADA,0.5799660984149593,0.15076161730714668,0.5799660984149593,0.23195479353879567,0.03731749073909848,0,-0.43752128205673796
2022-09,291162,47.268,5.95,14983.09090909091,0.4049601637265261,36.61,1.6210288980686125,38.05085530472948,WASPADA,WASPADA,0.6060701839000058,0.15719025518865945,0.6060701839000058,0.20388909767693073,0.0328504632344039,0,-0.4039138733638759
2022-10,305244,47.264,5.71,15433.42857142857,0.4894222852604165,36.61,1.415043298414643,45.03475476410107,WASPADA,WASPADA,0.5688845508415967,0.236240330178003,0.5688845508415967,0.13441732905593903,0.06045778992446131,1,-0.5254846889923099
2022-11,287398,49.898,5.42,15661.181818181818,0.4909761520507543,36.61,1.0755114298339377,48.05099666505562,WASPADA,WASPADA,0.5638724125602486,0.2290669346558553,0.5638724125602486,0.16856926666569974,0.03849138611819648,0,-0.46508674234273417
2022-12,377276,53.818000000000005,5.51,15597.363636363636,0.4974040858361913,36.61,1.4551904489612029,26.148327516519526,AMAN,AMAN,0.49986474934816594,0.3346199101172551,0.49986474934816594,0.13266487730017468,0.0328504632344039,0,-0.44043126982269176
2023-01,331785,43.432,5.28,15250.047619047618,0.4092993123057001,45.16,0.9610101814483556,44.662312044348404,WASPADA,WASPADA,0.4753771514211749,0.18507846312019852,0.4753771514211749,0.3065081034928788,0.03303628196574764,1,-0.5376966721588506
2023-02,323510,42.068,5.47,15129.65,0.4966518143339762,45.16,0.7730081617964473,42.83765765935205,WASPADA,WASPADA,0.6138338549360867,0.13503681501183312,0.6138338549360867,0.20962640569842403,0.04150292435365587,0,-0.414328231259863
2023-03,370695,41.61,4.97,15272.619047619048,0.4109594033736932,45.16,1.0841314984956996,34.825393232573795,WASPADA,WASPADA,0.6539074269488404,0.17496414545360223,0.6539074269488404,0.13750656995333724,0.03362185764422005,0,-0.4098860779584478
2023-04,411510,45.244,4.33,14829.285714285714,0.4913627314706181,45.16,1.4218059032793762,35.039765232543125,WASPADA,WASPADA,0.6386683382576557,0.17629126093126077,0.6386683382576557,0.14052434584236187,0.044516054968721526,0,-0.42497646723140725
2023-05,439475,45.912,4.0,14823.772727272728,0.5011159917558303,45.16,1.6536876960560245,39.967814612556,WASPADA,WASPADA,0.6557935932465935,0.15435405871000343,0.6557935932465935,0.15016760550792885,0.039684742535474056,0,-0.3927764443491475
2023-06,478198,57.33200000000001,3.52,14935.695454545454,0.489823488675001,45.16,1.8742271246454247,34.78262637604492,WASPADA,WASPADA,0.7481720630729414,0.18174143490062789,0.7481720630729414,0.04085509758682301,0.02923140443960755,0,-0.42914418088384987
2023-07,541353,61.934000000000005,3.08,15032.809523809525,0.4971095088650198,45.16,2.050641383263782,33.60556229956085,WASPADA,WASPADA,0.7512252608830637,0.1625444755345713,0.7512252608830637,0.054741007445178444,0.03148925613718607,0,-0.44386759118876307
2023-08,522141,58.92,3.27,15244.208695652173,0.508622406127301,45.16,1.4870893370676377,42.18112019286529,WASPADA,WASPADA,0.8077049809740554,0.11913351258450312,0.8077049809740554,0.04167225030425527,0.03148925613718607,0,-0.43104419428095336
2023-09,508350,56.93000000000001,2.28,15360.047619047618,0.5545474805845417,45.16,1.1262161682225182,41.407439816480654,WASPADA,WASPADA,0.6437638663485147,0.07258700595804086,0.6437638663485147,0.23200401383139754,0.05164511386204664,0,-0.39538844599507694
2023-10,461441,56.036,2.56,15749.772727272728,0.5133891819176337,45.16,0.48086847516955344,48.241830110979045,WASPADA,WASPADA,0.6344783520730377,0.04129746449213098,0.6344783520730377,0.26708993239091,0.057134251043921246,0,-0.4131791269936898
2023-11,403154,54.41,2.86,15589.318181818182,0.5317370293009633,45.16,-0.37741776711459524,47.10648178301863,WASPADA,WASPADA,0.4860916798103653,0.03405795486670082,0.4860916798103653,0.42536606511480407,0.05448430020812971,0,-0.41169253839986714
2023-12,481646,61.362,2.61,15496.142857142857,0.4290976649903236,45.16,0.5833124583663614,30.42643670111909,WASPADA,WASPADA,0.5466241876714242,0.16938212567527872,0.5466241876714242,0.24098396267985356,0.04300972397344338,0,-0.45648493102464055
2024-01,420037,54.248000000000005,2.57,15607.04347826087,0.4816896244267787,45.56,-0.41495320246467726,46.663627771316804,WASPADA,WASPADA,0.49221140025411986,0.047534327363882946,0.38977355944218117,0.49221140025411986,0.07048071293981578,0,-0.41793333186323406
2024-02,455277,51.0,2.75,15643.97619047619,0.5530159391651085,45.56,-0.04848107907155112,35.534241673624734,WASPADA,WASPADA,0.5673314082516938,0.06944931832654005,0.5673314082516938,0.3141524295770434,0.04906684384472254,0,-0.3954827126149194
2024-03,469227,51.146,3.05,15697.190476190475,0.5028874864616242,45.56,0.07440094276046676,36.82787767125198,WASPADA,WASPADA,0.6966878690869521,0.07453785678458,0.6966878690869521,0.18582372745674627,0.042950546671721476,0,-0.3906775646982569
2024-04,503194,55.262,3.0,16082.122727272728,0.5730095410208904,45.56,0.718807415398444,41.03886909457862,WASPADA,WASPADA,0.8368419462916693,0.033709789721523484,0.8368419462916693,0.08441229078059578,0.045035973206211416,0,-0.40911392719417083
2024-05,544601,63.424,2.84,16069.382608695652,0.5416170880644621,45.56,1.405144715319967,37.03719171123338,WASPADA,WASPADA,0.7971769772017333,0.04259684921353055,0.7971769772017333,0.11124200392869789,0.048984169656038044,0,-0.4247076761366524
2024-06,520898,62.684000000000005,2.51,16118.084499999999,0.5644912210314773,45.56,0.766448556910359,42.36969668424614,WASPADA,WASPADA,0.7301852438534286,0.017908943434215382,0.7301852438534286,0.1999112402540638,0.051994572458291866,0,-0.4041513766414832
2024-07,625665,65.73799999999999,2.13,16118.084499999999,0.5405581388846937,45.56,2.236047743278561,30.000678161649475,WASPADA,WASPADA,0.4858017523521345,0.22064460101972386,0.4858017523521345,0.2487257408365164,0.0448279057916252,0,-0.4639548276129044
2024-08,616641,67.87,2.12,15734.772727272728,0.5812586763299498,45.56,1.6771384063612627,40.28939145596435,WASPADA,WASPADA,0.644891276104956,0.04806702798394673,0.644891276104956,0.252516784767318,0.054524911143778956,0,-0.48863549672927037
2024-09,593909,64.08,1.84,15318.48095238095,0.5806759997716823,45.56,1.1593885157186514,42.322646764912236,WASPADA,WASPADA,0.5998997983850382,0.04205315240398724,0.5998997983850382,0.24969669546153003,0.10835035374944413,0,-0.47743067702257636
2024-10,559911,62.138,1.71,15557.608695652174,0.5794141442372055,45.56,0.5913476874939315,44.03595962188119,WASPADA,WASPADA,0.6872385608879575,0.017980403849079146,0.6872385608879575,0.24893797795618647,0.045843057306776715,0,-0.41188718184302653
2024-11,472900,58.208000000000006,1.55,15813.09523809524,0.5731098118404233,45.56,-0.7366767549823257,54.51011472935783,SIAGA,SIAGA,0.5271660928656022,0.017980403849079146,0.4041393780698067,0.5271660928656022,0.05071412521551169,0,-0.43742755005508926
2024-12,551100,61.89799999999999,1.57,16035.681818181818,0.5455070068845507,45.56,0.35425385720215713,35.84199685438454,WASPADA,WASPADA,0.6628829825269129,0.0551539694658893,0.6628829825269129,0.23945332403375427,0.04250972397344338,0,-0.47774827251981106
